Actual,Predicted
58,58.0
22,21.99
47,47.0
80,80.0
20,14.860871531468703
53,53.0
29,28.97
43,43.0
67,67.0
235,234.77
13,12.605
123,123.0
17,14.091722106302639
38,26.326705796089183
99,99.0
106,106.0
37,37.0
37,37.0
67,67.0
31,31.0
59,59.0
75,75.0
189,189.0
141,141.0
18,26.326705796089183
72,72.0
22,22.0
39,39.0
40,34.81115204278185
48,48.0
35,35.0
46,46.0
64,64.0
26,28.75297041847042
17,20.612452137667987
34,33.4958880540721
52,52.0
44,44.0
38,38.0
28,28.0
175,175.0
31,31.0
55,55.0
28,23.92270989428796
92,92.0
63,63.0
166,166.0
30,26.459370574964385
29,22.75244805176905
30,23.872020820237108
34,34.0
424,439.5274999999999
30,22.05405567996768
114,114.0
54,54.0
32,32.0
38,38.0
26,26.0
76,76.0
101,101.0
39,40.337006527785945
53,53.0
173,173.0
58,58.0
26,25.249045591239355
150,145.04666666666665
86,86.0
141,141.0
82,82.0
22,15.900578454961167
148,134.85
28,28.0
43,43.0
26,21.72154350102408
31,31.0
84,84.0
25,25.0
154,154.0
72,72.0
111,111.0
50,50.0
75,75.0
28,20.67400000000001
46,46.0
50,50.0
41,41.0
55,55.0
95,95.0
52,52.0
38,38.0
16,21.40341523065847
54,49.130886943122235
69,69.0
22,23.943441253191246
63,63.0
35,35.0
150,150.0
67,67.03
90,90.0
56,56.0
15,19.527784125157538
22,22.0
29,19.09066816266562
29,22.05405567996768
103,103.0
20,26.732125803420082
90,90.0
51,51.0
83,83.0
107,107.0
20,17.30924996693037
65,65.0
198,198.0
45,45.0
50,50.0
25,24.079923422805933
38,38.0
66,66.0
14,23.974468835643187
61,61.0
37,37.0
59,59.0
108,108.0
37,36.17717956884987
16,13.122404761904761
134,134.0
48,48.0
30,30.0
71,71.0
51,51.0
55,55.0
87,87.0
56,56.0
59,59.0
70,70.0
79,79.0
20,29.773659637357603
42,42.0
78,78.0
62,62.0
42,42.0
43,43.0
54,54.0
457,463.84
31,31.0
159,159.0
40,40.0
33,26.732125803420082
72,72.0
41,41.0
188,188.0
246,291.28
41,41.0
41,41.0
50,50.0
16,14.860871531468703
59,59.0
60,60.0
63,63.0
34,33.76293759018758
80,80.0
23,21.945857142857143
44,44.0
51,51.0
53,53.0
17,25.95000859917885
55,55.0
152,152.0
38,38.0
25,25.0
30,30.0
34,34.0
95,95.0
18,14.949782565542435
28,38.28666666666666
52,52.0
65,65.0
63,63.0
64,64.0
56,56.0
25,17.30924996693037
73,73.0
61,61.0
136,116.23
150,150.0
120,120.0
130,132.53
46,46.0
129,129.0
54,54.0
25,25.0
90,90.0
29,29.0
77,77.0
128,128.0
40,43.030807936507934
24,19.307623011528783
64,64.0
42,42.0
108,108.0
24,24.0
57,57.0
193,193.0
74,104.05
161,161.0
80,80.0
32,19.217544048846104
187,187.0
66,66.0
56,56.0
26,22.619156168821924
129,129.0
97,97.0
7,24.16365071903429
55,55.0
56,56.0
62,62.0
180,163.90333333333336
17,21.40341523065847
97,97.0
44,44.0
166,166.0
123,123.0
50,50.0
11,26.326705796089183
128,128.0
106,106.0
69,57.07416666666667
25,20.810411616161613
68,68.0
474,442.9858730158729
104,104.0
76,76.0
56,56.0
107,107.0
39,25.249045591239355
41,41.0
106,106.0
35,35.0
5,21.16012328676381
22,19.09066816266562
8,12.309120620049033
35,35.0
29,28.99
42,41.5062613430127
65,65.0
61,61.0
53,53.0
472,429.39
143,145.69066666666666
150,150.0
101,101.0
73,73.0
58,58.0
13,25.052226668034322
53,53.0
26,25.91
33,32.57109407114624
33,33.0
57,57.0
29,25.35703402750963
78,78.0
23,23.0
53,53.0
62,62.0
16,16.0
47,47.0
154,154.0
172,172.0
52,52.0
63,63.0
157,157.0
38,23.92270989428796
160,160.0
13,12.97
43,42.94
141,153.3
69,69.0
19,23.12374963924964
32,23.974468835643187
325,320.2
34,21.76687933470909
113,113.0
53,53.0
93,124.82904761904757
66,66.0
153,153.0
29,29.0
152,152.0
208,208.0
81,81.0
59,59.0
71,71.0
56,56.0
45,36.94583333333333
31,25.342778502613875
103,103.0
36,35.685
30,30.0
26,25.249045591239355
63,63.0
29,21.40341523065847
80,80.0
42,42.0
31,31.0
35,35.0
65,65.0
56,56.0
51,51.0
39,30.468755998252938
164,164.0
35,41.51326190476192
56,56.0
130,130.0
154,154.0
90,90.0
21,21.0
73,73.0
57,57.0
55,55.0
115,115.0
99,99.0
32,29.7245540385356
64,64.0
39,36.2693823953824
60,60.0
25,25.35703402750963
33,33.0
169,169.0
61,61.0
52,52.0
155,155.0
63,63.0
85,85.0
51,51.0
28,25.06962133120503
87,87.0
38,33.39602927627927
19,23.92270989428796
33,33.0
43,42.94
65,65.0
172,172.0
72,72.0
101,101.0
55,55.0
28,23.974468835643187
60,60.0
53,53.0
10,14.240389064041102
153,153.0
162,162.0
52,52.0
53,53.0
89,89.0
23,31.924830883082656
42,42.0
28,22.05405567996768
16,28.315110386543225
36,36.0
33,32.48916666666667
155,155.0
31,31.0
37,37.0
64,64.0
76,75.83
62,62.0
60,60.0
55,55.0
41,41.0
53,53.0
58,58.0
55,55.0
48,48.0
42,42.0
55,55.0
40,28.738672272968287
60,60.0
23,50.7646988044635
47,47.0
65,65.0
25,25.35920225400775
18,23.988412197173517
42,26.566269841269836
10,12.196725883039933
57,57.0
50,50.0
51,51.0
71,71.0
106,106.0
47,47.0
56,56.0
44,44.0
27,25.861206452856987
6,24.079923422805933
55,55.0
42,42.0
32,31.170300897170463
64,64.0
42,42.0
45,45.0
268,274.77
87,87.0
13,25.052226668034322
52,52.0
40,39.824666666666666
60,58.04742857142856
51,51.0
148,148.0
67,67.0
82,82.0
42,29.773659637357603
50,50.0
151,151.0
43,54.62471428571428
20,20.0
75,75.0
57,57.0
29,24.98535755429641
61,61.0
61,61.0
78,78.0
12,12.309120620049033
24,24.0
31,31.0
31,36.989511904761905
47,47.0
25,23.872020820237108
26,26.0
71,71.0
18,29.564135219142337
35,35.0
34,33.98
125,125.0
5,19.527784125157538
90,90.0
65,65.0
64,64.0
59,59.0
46,46.0
18,21.40341523065847
73,73.0
52,52.0
108,108.0
113,113.0
36,36.0
116,116.0
30,30.0
40,40.0
64,64.0
76,76.0
59,59.0
26,20.612452137667987
53,53.0
13,12.353464285714283
51,51.0
228,225.82
41,41.0
129,129.0
32,32.0
48,48.0
69,69.0
53,53.0
74,74.0
172,172.0
63,62.72272727272727
46,46.0
57,57.0
52,52.0
158,158.0
51,51.0
44,44.0
69,69.0
56,56.0
25,26.01885288184535
31,23.588992562992566
50,49.78375
78,78.0
46,46.0
42,42.0
184,184.0
52,52.0
65,65.0
40,40.0
59,59.0
49,49.0
27,22.619156168821924
66,61.225282798685654
21,25.249045591239355
41,41.0
24,22.13297312670462
67,67.0
100,119.87666666666667
26,23.872020820237108
93,93.0
21,22.619156168821924
69,69.0
20,20.0
69,69.0
93,93.0
37,37.0
16,14.790833333333335
27,22.527452571083437
242,241.97
38,38.0
65,65.0
26,21.40341523065847
45,45.0
38,38.0
54,54.0
26,21.72154350102408
28,25.052226668034322
90,90.0
43,43.0
43,43.0
51,51.0
12,12.309120620049033
66,66.0
54,54.0
26,25.692725759752665
52,52.0
5,21.76687933470909
47,47.0
38,38.0
41,41.0
96,96.0
65,65.0
107,107.0
89,89.0
23,23.0
85,85.0
9,17.30924996693037
26,22.75244805176905
109,104.68
58,58.0
59,59.0
112,112.0
45,45.0
43,43.0
64,64.0
50,50.0
89,89.0
26,21.92415207808111
78,78.0
172,172.0
105,105.0
42,42.0
193,193.0
19,22.40181114061376
41,41.0
52,52.0
67,67.0
50,50.0
58,58.0
68,68.0
130,130.0
50,50.7646988044635
71,71.0
31,31.0
54,54.0
25,19.09066816266562
21,19.217544048846104
58,58.0
64,64.0
35,35.0
60,60.0
59,59.0
55,55.0
72,72.0
72,72.0
471,481.72
76,76.0
124,124.0
22,22.0
56,49.05986904761903
40,40.0
11,23.92270989428796
164,164.0
44,44.0
52,37.76671090536572
64,64.0
29,26.7356645021645
36,23.92270989428796
4,24.57436854517509
11,9.183794733044731
154,154.0
175,175.0
8,22.527452571083437
100,100.0
51,51.0
51,51.0
35,35.0
93,93.0
56,56.0
65,65.0
22,22.0
152,152.0
121,121.0
79,79.0
57,57.0
59,59.0
81,81.0
154,154.0
71,71.0
78,78.0
68,68.0
66,66.0
78,78.0
32,39.248242063492064
67,67.0
79,79.0
182,182.0
158,158.0
51,51.0
151,151.0
62,62.0
44,44.0
28,28.0
53,53.0
88,88.0
50,50.0
39,39.0
51,51.0
28,16.93067275621605
10,23.872020820237108
117,117.0
70,70.0
166,166.0
47,47.0
137,137.0
44,44.0
32,32.0
31,31.0
69,69.0
31,31.0
32,32.0
35,26.326705796089183
63,63.0
68,68.0
101,101.0
59,59.0
22,25.35703402750963
64,64.0
19,22.373264041514044
70,70.0
151,151.0
29,29.0
452,421.5268333333333
116,116.0
129,129.0
40,40.0
140,140.0
46,46.0
165,165.0
33,29.773659637357603
76,76.0
55,55.0
33,32.34078140139431
55,55.0
66,66.0
152,152.0
16,12.263960323173556
54,54.0
53,53.0
43,42.96
28,28.0
47,35.69624837836009
26,26.0
30,26.459370574964385
46,46.0
73,73.0
22,22.0
214,214.0
50,50.0
19,19.217544048846104
71,64.35
70,70.0
50,50.0
14,22.527452571083437
70,70.0
44,44.0
61,61.0
51,51.0
151,151.0
327,341.65
129,129.0
17,25.249045591239355
60,60.0
57,57.0
47,31.341482033770934
30,30.0
76,76.0
16,16.0
60,60.0
94,93.575
46,46.0
283,294.72
66,66.0
68,56.64966666666666
23,23.0
155,151.405
46,46.0
126,126.0
103,103.0
39,39.0
38,38.0
49,34.37896747696749
71,71.0
23,19.387261904761903
35,35.0
23,22.92666666666667
62,62.0
52,52.0
58,58.0
26,25.35703402750963
58,58.0
60,54.1243896936397
30,30.0
58,58.0
74,74.0
38,38.0
63,63.0
25,25.249045591239355
65,65.0
78,78.0
30,30.0
96,96.0
68,68.0
29,29.0
58,58.0
90,90.0
44,43.99
59,59.0
88,88.0
49,49.0
21,23.872020820237108
64,64.0
102,102.0
11,23.92270989428796
76,76.0
33,33.0
44,44.0
55,55.0
63,63.0
25,25.0
46,44.765557463369966
54,54.0
64,64.0
61,61.0
178,178.0
62,62.0
63,63.0
34,42.598948773448775
59,59.0
55,55.0
15,14.139682539682537
65,65.0
16,23.872020820237108
88,88.0
53,53.0
50,50.0
26,26.0
151,151.0
170,170.0
52,52.0
8,14.949782565542435
54,54.0
63,63.0
76,76.0
175,175.0
58,58.0
75,72.29166666666667
71,71.0
13,23.872020820237108
39,39.0
89,89.0
135,135.0
146,146.0
45,45.0
170,170.0
65,65.0
93,93.0
80,80.0
152,149.36
94,94.0
281,281.97
105,105.0
185,185.0
63,63.0
54,54.0
32,24.67965994130564
131,131.0
37,36.17717956884987
35,34.758359288097886
53,53.0
16,14.240389064041102
72,72.0
161,161.0
46,46.0
56,56.0
26,22.619156168821924
26,26.0
77,77.0
81,81.0
167,167.0
28,28.0
94,94.0
24,22.81038084448241
162,162.0
26,26.0
46,46.0
13,23.92270989428796
54,54.0
22,22.527452571083437
17,17.30924996693037
26,22.619156168821924
182,182.0
66,66.0
151,151.0
38,38.0
48,48.0
87,87.0
15,14.949782565542435
34,24.937484323657635
20,25.255107095407208
156,156.0
150,150.0
78,78.0
57,57.0
79,79.0
50,50.0
54,54.0
35,35.0
50,50.0
123,142.51251190476194
156,150.54
53,53.0
33,32.16337766400266
41,41.0
59,59.0
75,75.0
171,171.0
69,69.0
44,44.0
69,69.0
17,16.99
45,45.0
36,36.0
66,66.0
27,26.98
25,26.01885288184535
50,50.0
48,48.0
125,125.0
22,29.123653583152233
69,69.0
41,28.222920198775167
31,19.217544048846104
39,39.0
125,125.0
15,17.30924996693037
52,52.0
52,52.0
165,160.98914285714284
39,39.0
51,51.0
168,168.0
14,33.38696717171717
143,143.0
44,44.0
23,17.961871406371408
31,30.661662207357864
39,39.0
85,85.0
65,65.0
31,31.0
54,54.0
197,197.0
72,72.0
27,17.16699538212046
28,20.612452137667987
28,28.0
35,35.0
47,47.0
33,33.0
153,153.0
61,61.0
25,24.058202827176498
63,63.0
50,50.0
102,102.0
79,79.0
18,23.92270989428796
38,27.97022364185559
19,13.792905212697432
54,54.0
52,52.0
43,42.94
43,43.0
58,58.0
166,166.0
27,27.0
74,74.0
169,169.0
67,73.53
70,70.0
63,63.0
168,160.54666666666665
22,22.05755352592317
164,164.0
64,64.0
224,223.76
31,29.609731053635354
57,57.0
307,338.9
37,37.0
14,23.872020820237108
52,52.0
53,53.0
43,33.17430686637118
11,12.196725883039933
45,45.0
18,23.872020820237108
10,14.949782565542435
54,54.0
64,64.0
191,190.99
34,35.69624837836009
86,86.0
53,53.0
46,46.0
155,155.0
18,18.0
222,220.65
52,52.0
196,196.0
29,19.476170496170496
22,19.15696825396825
19,22.81038084448241
20,19.217544048846104
67,67.0
36,29.564135219142337
23,25.052226668034322
24,18.028188941906052
77,77.0
31,26.459370574964385
71,71.0
169,169.0
37,52.1199246031746
62,62.0
118,118.0
102,102.0
58,58.0
46,46.0
86,86.0
54,54.0
27,28.185880952380952
155,155.0
52,52.0
67,67.0
30,30.0
297,289.78
77,77.0
34,22.5157275124793
33,33.0
53,53.0
33,33.01
65,65.0
22,21.96
25,19.096303502053505
52,52.0
63,63.0
22,31.924830883082656
59,59.0
70,70.0
69,69.0
101,101.0
24,29.564135219142337
125,125.0
53,53.0
35,35.0
30,30.0
51,51.0
168,168.0
42,33.35883333333334
53,53.0
201,200.98
54,54.0
123,123.0
63,63.0
14,21.92415207808111
84,84.0
17,26.459370574964385
146,146.0
172,172.0
74,74.0
28,20.612452137667987
42,24.058202827176498
58,58.0
44,42.44193427048619
41,41.0
35,29.564135219142337
27,22.59007636141808
25,25.0
92,92.0
73,73.0
68,68.0
140,140.0
36,34.878913284663284
16,16.93067275621605
66,66.0
52,52.0
13,17.76146042539239
11,25.249045591239355
83,98.73333333333333
100,100.0
81,81.0
60,60.0
54,54.0
64,64.0
29,17.30924996693037
102,102.0
25,25.0
56,55.98
50,50.0
130,129.86
39,39.0
24,22.2323997946498
22,17.00127317504215
24,24.0
69,69.0
54,54.0
58,58.0
123,123.0
126,126.0
15,17.30924996693037
77,77.0
85,85.0
55,55.0
46,46.01
85,85.0
23,23.0
113,113.0
18,19.217544048846104
27,33.53123412698412
116,116.0
53,53.0
45,40.16488926264476
33,23.0450385099432
42,46.65906601731603
29,29.0
160,160.0
46,46.0
69,69.0
52,52.0
55,55.0
137,137.0
27,22.619156168821924
19,29.758958743147513
46,46.0
68,68.0
37,37.0
125,125.0
157,157.0
52,52.0
53,53.0
176,176.0
51,51.0
65,65.0
149,149.0
16,25.16133609390266
66,66.0
39,39.0
41,41.0
36,36.0
80,80.0
102,102.0
59,59.0
95,95.0
95,95.0
68,68.0
75,75.0
65,65.0
71,71.0
196,196.0
69,69.0
48,48.0
190,190.0
57,57.0
12,12.353464285714283
127,111.15816666666666
14,23.0450385099432
106,106.0
63,63.0
166,166.0
23,23.0
150,150.0
71,71.0
36,36.0
44,44.0
105,105.0
23,23.0
73,73.0
15,23.017253961724556
31,20.612452137667987
124,124.0
35,35.0
153,153.0
51,51.0
58,58.0
32,32.0
11,17.30924996693037
64,64.0
166,166.0
63,63.0
24,24.0
45,45.0
48,48.0
46,46.0
56,56.0
68,68.0
51,51.0
74,74.0
44,29.773659637357603
53,53.0
20,25.255107095407208
151,162.33
79,79.0
59,59.0
40,40.0
38,28.540607571350215
69,69.0
164,164.0
45,45.0
43,43.0
161,161.0
180,180.0
5,9.47754761904762
91,91.0
82,82.0
40,28.75297041847042
38,38.0
43,43.0
61,61.0
136,136.0
17,19.217544048846104
35,35.0
44,44.0
109,109.0
12,14.949782565542435
34,34.0
39,39.0
54,54.0
100,114.27
77,77.0
58,58.0
22,18.093488933447485
34,34.0
58,58.0
32,24.16365071903429
73,73.0
161,161.0
91,91.0
146,146.0
23,25.2185
65,65.0
31,26.01885288184535
50,50.0
9,20.612452137667987
79,79.0
66,65.98
36,25.16133609390266
73,73.0
64,64.0
116,136.97699999999998
44,44.0
167,167.0
33,26.459370574964385
25,24.079923422805933
159,159.0
60,60.0
35,35.0
22,14.790833333333335
77,77.0
56,56.0
66,66.0
51,51.0
84,84.0
66,66.0
54,54.0
36,36.0
207,206.65
164,164.0
83,83.0
162,162.0
156,156.0
51,51.0
203,202.73
37,37.0
23,23.0
156,156.0
59,59.0
69,69.0
42,42.0
94,94.0
27,30.09240007215007
59,59.0
32,32.0
100,100.0
47,47.0
30,30.0
48,48.0
67,67.0
27,20.471704727921534
27,25.052226668034322
109,109.0
157,157.0
13,10.496929492677943
67,67.0
47,47.0
172,172.0
41,33.4958880540721
34,21.40341523065847
54,54.0
319,293.74
19,15.900578454961167
62,62.0
75,75.0
71,71.0
56,56.0
59,59.0
61,61.0
17,24.16365071903429
36,23.872020820237108
73,73.0
37,37.0
161,154.78
68,68.0
82,82.0
69,69.0
45,45.0
152,152.0
60,60.0
153,153.0
123,123.0
58,58.0
64,64.0
59,59.0
68,68.0
28,21.92415207808111
124,124.0
70,70.0
30,23.754176542389814
17,23.12374963924964
68,68.0
65,65.0
59,59.0
23,30.468755998252938
69,69.0
49,49.0
24,16.655825640003272
15,16.93067275621605
42,42.0
60,60.0
34,34.0
57,57.0
25,26.459370574964385
116,116.0
44,44.0
19,17.76146042539239
33,44.208999999999996
53,53.0
61,61.0
171,171.0
49,49.0
18,25.861206452856987
54,54.0
66,44.80850396825398
64,64.0
22,21.40341523065847
56,56.0
162,162.0
84,107.61033333333333
129,129.0
58,58.0
83,83.0
61,61.0
30,25.35703402750963
48,48.0
171,170.84
245,273.93
57,57.0
169,167.794
139,139.0
16,22.373264041514044
39,38.99
2,12.767956820329353
9,14.091722106302639
34,34.0
37,34.610596740096746
50,44.29779206904207
26,22.81038084448241
158,156.85
67,67.0
43,43.0
32,32.0
89,89.0
8,14.240389064041102
29,29.0
30,30.0
131,131.0
151,151.0
15,23.68462806637805
44,28.738672272968287
52,52.0
149,148.97
91,91.0
18,19.09066816266562
40,40.0
44,44.0
54,54.0
127,127.0
27,26.125810026316994
74,82.31
42,42.0
24,30.600988095238094
118,120.68083333333333
27,26.93
43,43.0
13,22.81038084448241
145,117.46833333333332
28,20.471704727921534
40,40.0
67,67.0
50,50.0
123,123.0
50,50.0
36,36.0
29,28.199654761904757
64,64.0
31,31.0
19,28.315110386543225
33,38.297714285714285
47,46.99
82,82.0
81,81.0
39,39.0
156,156.0
120,120.0
132,132.0
50,49.731428571428566
36,36.0
83,83.0
14,23.988412197173517
494,466.29
53,53.0
72,72.0
52,52.0
64,64.0
68,68.0
20,19.476170496170496
67,67.0
43,37.693591837184016
37,29.666761904761902
25,25.0
54,54.0
70,70.0
64,64.0
51,51.0
33,33.0
40,40.0
18,24.071200898301914
58,58.0
78,78.0
30,30.0
26,25.95000859917885
29,26.417310988700073
66,66.0
71,71.0
69,69.0
19,22.527452571083437
68,50.347248473748486
125,125.0
52,52.0
52,52.0
17,17.0
27,27.1807467514544
165,165.0
23,23.0
33,33.0
158,158.0
59,59.0
41,41.0
88,88.0
26,26.0
177,177.0
152,152.0
96,96.0
16,22.13297312670462
152,152.0
71,71.0
74,72.015
154,154.0
68,68.0
129,129.0
176,176.01
29,29.0
43,43.0
12,23.872020820237108
28,26.459370574964385
28,28.0
33,32.57109407114624
72,72.0
60,60.0
68,68.0
30,30.0
55,55.0
55,55.0
27,27.0
24,24.0
172,172.0
91,90.54
61,61.0
150,150.0
65,64.97
51,51.0
47,47.0
26,24.058202827176498
60,60.0
97,97.0
460,494.62
83,83.0
183,183.0
36,36.0
13,26.459370574964385
72,72.0
61,61.0
109,109.0
61,61.0
60,59.39
39,39.0
72,72.0
30,30.0
47,47.0
16,23.872020820237108
39,39.0
44,44.0
67,67.0
33,32.57109407114624
39,39.0
79,79.0
64,64.0
29,56.815575160133996
50,50.0
19,23.212155444127493
50,50.0
74,74.0
37,37.0
55,55.0
45,45.0
78,78.0
51,51.0
21,24.98535755429641
40,34.193607304460244
51,51.0
12,19.49320694909666
36,29.123653583152233
52,52.0
28,28.0
50,50.0
195,195.0
38,38.0
10,24.058202827176498
204,178.45
164,164.0
64,64.0
23,28.315110386543225
433,486.22
65,65.0
41,40.237251663134295
173,173.0
72,72.0
124,124.0
58,58.0
21,21.0
20,14.860871531468703
39,39.0
135,101.105
53,53.0
16,25.052226668034322
68,68.0
45,45.0
160,160.0
37,37.0
66,66.0
8,7.62
100,100.0
66,66.0
10,14.555752488958586
20,27.1807467514544
6,8.11
50,50.0
18,28.540607571350215
52,52.0
60,60.0
74,74.0
49,49.0
50,50.0
151,151.0
65,65.0
60,60.0
30,30.0
25,25.0
39,39.0
80,80.0
69,69.0
30,30.0
152,152.0
83,83.0
30,23.212155444127493
60,60.0
61,61.0
63,63.0
14,14.01
41,40.237251663134295
46,46.0
58,58.0
18,25.249045591239355
169,169.0
30,30.0
19,13.792905212697432
22,23.92270989428796
37,58.04742857142856
74,74.0
154,154.0
60,60.0
39,39.0
162,159.53083333333333
10,6.684366452991453
40,36.06397130647132
26,25.92
80,80.0
37,34.610596740096746
80,27.424333333333333
47,46.98
47,47.0
77,77.0
17,19.217544048846104
55,55.0
18,16.07621743036837
25,22.527452571083437
46,46.0
21,23.212155444127493
154,154.0
82,82.0
37,29.7245540385356
184,181.88
24,19.217544048846104
14,23.988412197173517
41,41.0
59,59.0
38,38.0
50,50.0
59,59.0
91,91.0
90,90.0
56,56.0
77,77.0
50,50.0
168,168.0
79,79.0
76,76.0
48,48.0
152,152.0
36,36.947986876685405
60,60.0
46,46.0
54,54.0
60,60.0
36,36.0
112,112.0
35,29.564135219142337
40,40.0
19,19.49320694909666
36,36.0
163,163.0
37,31.40949528249531
50,50.0
97,76.748
25,26.125810026316994
54,54.0
15,14.98
18,28.815233808710477
41,41.0
31,31.0
59,59.0
58,58.0
159,129.43400000000003
167,167.0
144,144.0
25,29.564135219142337
51,43.655
32,32.01
50,50.0
81,81.0
62,62.0
31,31.0
76,76.0
30,29.825549450549453
28,19.527784125157538
53,53.0
61,61.0
86,86.0
63,63.0
54,54.0
74,74.0
50,50.0
202,201.88
16,25.692725759752665
28,23.0450385099432
56,56.0
181,181.0
36,37.25271593864512
66,66.0
55,55.0
87,87.0
53,53.0
56,56.0
40,39.39412037037037
82,120.58083333333335
19,19.0
84,84.0
39,39.0
109,108.99
57,43.407903560105176
52,52.0
17,30.600988095238094
24,24.0
64,64.0
54,54.0
81,81.0
59,59.0
45,45.0
35,28.540607571350215
27,22.527452571083437
108,108.0
43,43.0
45,45.0
65,65.0
27,27.0
87,113.78200000000001
81,81.0
26,26.0
59,59.0
34,19.217544048846104
36,36.0
154,154.0
25,24.616459459459456
163,157.4
100,100.0
41,41.0
67,67.0
43,43.0
264,263.28
82,82.0
33,28.222920198775167
59,59.0
52,52.0
268,276.73
54,54.0
31,31.0
50,50.0
27,21.38028066378066
26,21.72154350102408
40,31.924830883082656
21,24.071200898301914
150,150.0
37,25.35703402750963
59,59.0
81,81.0
54,54.0
31,31.0
89,89.0
70,70.0
48,48.0
47,47.0
54,54.0
78,78.0
25,19.217544048846104
63,63.0
59,59.0
17,14.939435286935288
20,18.477738095238095
62,62.0
20,24.16365071903429
107,107.0
28,23.754176542389814
64,64.0
12,23.988412197173517
107,107.0
16,21.105293038832507
46,46.0
167,167.0
26,26.0
178,178.0
46,46.0
33,33.0
111,111.0
22,28.315110386543225
27,16.655825640003272
52,52.0
32,31.170300897170463
44,44.0
44,44.0
32,24.806396020646027
76,76.0
71,71.0
20,28.222920198775167
70,70.0
42,41.5062613430127
25,21.16012328676381
31,31.0
117,117.0
76,76.0
58,58.0
115,115.74333333333333
33,24.67965994130564
110,110.0
42,42.0
99,99.0
48,48.0
73,73.0
25,25.0
54,54.0
47,47.0
27,23.0450385099432
32,25.255107095407208
82,111.2
156,156.0
86,86.0
17,14.587785714285712
24,23.68462806637805
100,100.0
55,55.0
12,16.655825640003272
106,106.0
37,29.705416666666668
34,23.212155444127493
18,25.2185
68,68.0
27,27.1807467514544
257,257.71
158,158.0
149,149.0
42,41.92
14,17.19708599400031
22,24.806396020646027
80,80.0
69,69.0
15,14.555752488958586
50,50.0
39,39.0
36,36.0
40,40.0
107,107.0
35,35.0
56,56.0
23,23.0
62,62.0
38,38.0
82,82.0
35,35.0
78,78.0
154,150.49
26,25.78848901098901
24,33.4958880540721
50,50.0
51,51.0
24,24.0
146,146.0
32,32.0
53,53.0
56,52.1199246031746
73,73.0
121,121.0
62,62.0
65,65.0
29,22.619156168821924
21,14.240389064041102
9,13.792905212697432
17,14.240389064041102
40,40.0
35,35.0
27,27.0
14,24.058202827176498
17,13.971666666666666
103,103.0
166,166.0
103,103.0
99,99.0
18,18.0
11,12.309120620049033
169,169.0
39,39.0
58,58.0
37,37.0
177,177.0
80,80.0
50,50.0
166,166.0
165,165.0
25,16.305523084758377
36,30.677700482044038
48,48.0
55,55.0
79,79.0
22,22.0
38,38.0
40,40.0
59,59.0
21,17.30924996693037
62,62.0
178,169.71833333333333
34,24.937484323657635
183,183.0
60,60.0
56,56.0
53,53.0
9,19.217544048846104
35,35.0
33,23.974468835643187
13,15.205829725829728
5,6.104181818181817
126,126.0
66,47.09
49,49.0
16,24.058202827176498
67,67.0
228,227.06
25,20.471704727921534
20,20.0
71,71.0
35,28.815233808710477
82,82.0
65,65.0
32,26.401604765936177
75,75.0
24,30.468755998252938
24,35.69624837836009
56,56.0
175,175.0
34,34.0
65,65.0
47,47.0
68,68.0
81,81.0
29,26.401604765936177
31,28.817523809523813
53,53.0
28,28.0
51,51.0
139,139.0
21,15.900578454961167
76,76.0
76,76.0
176,176.0
25,17.30924996693037
188,188.0
67,67.0
32,32.0
13,23.92270989428796
165,165.0
57,57.0
57,57.0
161,161.0
47,65.91
92,92.0
82,82.0
165,143.445
31,23.943441253191246
52,52.0
72,72.0
35,28.815233808710477
69,69.0
13,20.612452137667987
61,61.0
158,158.0
46,28.738672272968287
25,25.35920225400775
52,52.0
54,54.0
30,26.727092919389975
186,186.0
159,159.0
65,65.0
68,68.0
111,111.0
50,50.0
106,106.0
55,55.0
54,54.0
56,56.0
39,39.0
58,58.0
50,50.0
77,47.04333333333333
54,54.0
33,59.27747619047619
73,73.0
117,117.0
150,150.0
59,59.0
14,12.309120620049033
32,32.0
34,34.0
147,147.0
33,29.564135219142337
35,35.0
44,44.0
128,145.04466666666664
18,18.0
57,57.0
81,81.0
142,137.43166666666667
18,25.249045591239355
33,26.459370574964385
155,155.0
43,43.0
241,240.53
41,41.0
27,14.091722106302639
33,24.937484323657635
55,55.0
176,176.0
40,22.527452571083437
127,127.0
52,52.0
156,156.0
53,53.0
99,99.0
42,42.0
25,25.0
39,39.0
81,81.0
24,20.471704727921534
500,497.31
164,164.0
61,61.0
133,133.0
41,41.0
75,75.0
31,26.125810026316994
43,42.98
41,28.5736918767507
33,32.601499999999994
37,25.052226668034322
47,47.0
55,55.0
101,101.0
53,53.0
84,84.0
68,68.0
181,181.0
52,52.0
75,75.0
57,57.0
27,27.0
85,85.0
97,97.0
169,223.43
55,55.0
58,58.0
162,162.0
71,71.0
207,206.96
116,116.0
51,51.0
153,153.0
46,46.0
58,58.0
35,35.0
129,129.0
68,68.0
19,17.16122222222223
9,20.612452137667987
30,28.222920198775167
69,69.0
63,63.0
84,84.0
158,154.455
67,67.0
29,23.872020820237108
146,107.61033333333333
18,30.468755998252938
53,53.0
58,58.0
67,67.0
50,50.0
44,43.94
88,88.0
63,63.0
64,64.0
74,74.0
72,72.0
51,51.0
148,148.0
67,67.0
60,60.0
98,98.0
56,56.0
56,56.0
34,34.0
59,59.0
70,70.0
70,70.0
36,29.123653583152233
20,23.12374963924964
32,26.401604765936177
193,193.0
58,58.0
72,72.0
60,60.0
20,26.89770238095239
168,168.0
20,25.861206452856987
16,16.305523084758377
34,34.0
57,57.0
65,65.0
60,60.0
45,45.0
39,22.527452571083437
66,66.0
9,16.655825640003272
28,28.0
32,32.0
58,58.0
33,33.0
68,68.0
120,120.0
53,53.0
71,71.0
99,99.0
23,26.401604765936177
164,164.0
63,63.0
155,155.0
51,51.0
63,63.0
170,170.0
53,53.0
42,42.0
60,60.0
34,34.0
79,79.0
20,22.59007636141808
56,56.0
156,156.0
68,68.0
73,73.0
45,45.0
20,29.123653583152233
61,61.0
50,50.0
27,98.5775
52,52.0
55,55.0
24,24.0
24,18.093488933447485
26,26.0
15,29.564135219142337
35,35.0
18,18.0
53,53.0
51,51.0
53,53.0
19,23.92270989428796
64,64.0
167,158.69933333333333
73,73.0
53,53.0
33,23.0450385099432
165,165.0
52,52.0
68,68.0
103,103.0
43,29.564135219142337
101,101.0
153,153.0
428,450.38349999999997
88,88.0
74,74.0
42,42.0
11,25.35703402750963
38,38.0
52,52.0
136,136.0
35,23.92270989428796
62,62.0
55,55.0
15,22.619156168821924
68,68.0
172,171.85
75,75.0
26,26.0
73,73.0
107,107.0
148,148.0
141,141.0
27,19.217544048846104
69,69.0
35,35.0
144,144.0
88,88.0
89,89.0
56,56.0
102,102.0
105,105.0
50,50.0
22,14.939435286935288
109,109.0
58,58.0
72,72.0
210,209.88
66,66.0
64,55.92803571428571
32,32.0
41,41.0
47,47.0
64,64.0
83,83.0
53,53.0
68,68.0
16,21.23968253968254
36,36.0
69,69.0
26,27.1807467514544
23,26.459370574964385
122,122.0
29,21.16012328676381
70,70.0
49,49.0
53,53.0
39,38.99
48,48.0
32,32.0
28,28.0
17,22.836351413869703
66,66.0
85,85.0
22,24.058202827176498
30,28.049245283331565
66,66.0
63,63.0
228,220.59
14,22.527452571083437
46,46.0
56,56.0
30,29.99
74,74.0
42,42.0
48,48.0
15,14.97
184,184.0
26,26.0
99,99.0
31,31.0
72,72.0
51,51.0
63,63.0
24,16.260376984126978
52,52.0
32,32.0
79,79.0
40,40.0
62,62.0
31,27.748823062558348
82,82.0
177,177.0
54,54.0
11,25.342778502613875
35,35.0
24,24.0
14,17.00127317504215
25,22.2323997946498
63,63.0
172,171.91
32,29.462156077969162
218,218.08
19,23.974468835643187
68,68.0
36,28.222920198775167
109,109.0
32,32.0
154,154.0
108,108.0
21,21.0
103,103.0
54,54.0
38,28.315110386543225
49,49.0
17,19.096303502053505
68,68.0
39,39.0
22,22.0
33,32.57109407114624
50,50.0
70,70.0
58,58.0
48,48.0
10,14.240389064041102
35,35.0
168,168.0
81,81.0
140,140.0
52,52.0
45,45.0
29,29.0
38,38.0
67,67.0
23,21.76687933470909
84,84.0
33,33.0
54,54.0
79,79.0
154,154.0
39,39.0
152,152.0
59,59.0
171,171.0
151,151.0
57,52.921321428571424
32,31.93777777777778
67,67.0
8,17.00127317504215
165,165.0
30,25.255107095407208
30,30.0
145,145.0
71,71.0
76,76.0
95,95.0
89,89.0
52,52.0
28,19.217544048846104
112,112.0
37,24.16365071903429
54,54.0
32,32.0
239,237.76
19,19.0
41,41.0
18,24.070215517664906
51,51.0
92,92.0
90,90.0
102,102.0
57,57.0
139,115.815
95,95.0
15,14.97
80,80.0
56,67.89
109,109.0
52,52.0
162,162.0
17,13.792905212697432
50,50.0
26,22.81038084448241
70,70.0
69,69.0
94,94.0
53,30.92984668109667
85,149.665
61,61.0
222,222.21
50,50.0
101,101.0
46,46.0
26,24.079923422805933
68,68.0
52,52.0
75,75.0
73,73.0
61,61.0
89,89.0
50,50.0
54,54.0
28,28.0
144,144.0
70,70.0
132,132.0
55,55.0
50,50.0
28,17.30924996693037
93,93.0
32,25.692725759752665
181,181.0
103,103.0
57,57.0
22,20.9725
20,23.872020820237108
173,173.0
34,25.249045591239355
161,161.0
41,41.0
41,29.7245540385356
49,49.0
61,61.0
36,36.0
15,21.92415207808111
84,84.0
25,24.616459459459456
135,135.0
37,37.0
90,90.0
157,157.0
69,69.0
160,160.0
64,64.0
63,63.0
107,107.0
161,161.0
36,36.0
150,150.0
62,62.0
32,31.91476228353398
37,37.0
67,67.0
82,82.0
34,34.0
41,41.0
50,50.0
158,157.35
23,25.249045591239355
52,52.0
32,21.76687933470909
27,25.052226668034322
62,62.0
50,50.0
70,70.0
31,25.249045591239355
75,75.0
55,55.0
14,13.99
33,21.40341523065847
54,54.0
117,117.0
57,57.0
39,38.275
155,155.0
36,36.0
51,51.0
21,15.625596355039209
45,45.0
60,60.0
122,122.0
17,21.76687933470909
84,84.0
160,160.0
46,46.0
63,63.0
20,19.307623011528783
75,75.0
52,52.0
73,73.0
54,54.0
61,61.0
20,20.0
27,27.0
154,154.0
51,51.0
102,102.0
154,154.0
44,44.0
55,55.0
39,39.0
44,44.0
31,22.619156168821924
33,33.0
48,48.0
54,54.0
93,93.0
63,63.0
31,31.924830883082656
170,170.0
48,47.758
146,146.0
30,43.030807936507934
30,16.93067275621605
135,135.0
35,35.0
58,58.0
53,53.0
54,54.0
9,10.553047619047618
175,175.0
22,25.53105099067599
217,216.98
50,50.0
46,46.0
45,45.0
59,59.0
53,53.0
35,35.0
34,19.217544048846104
60,60.0
78,78.0
95,95.0
29,29.0
16,18.103779664779662
4,6.688084415584415
75,75.0
26,29.564135219142337
21,17.00127317504215
51,51.0
26,26.0
40,40.0
63,63.0
64,64.0
57,57.0
157,157.0
56,56.0
56,56.0
61,61.0
39,39.0
37,37.0
54,54.0
49,49.0
61,61.0
67,67.0
131,131.0
54,54.0
379,356.75
66,66.0
36,36.0
57,57.0
49,49.0
54,54.0
32,23.92270989428796
45,45.0
39,37.95016666666666
56,56.0
99,99.0
41,41.01
52,52.0
59,59.0
33,32.16337766400266
32,31.170300897170463
83,83.0
328,328.1
54,54.0
66,66.0
30,30.0
26,26.0
33,64.652
65,65.0
67,79.128
26,25.35920225400775
10,17.30924996693037
12,22.81038084448241
93,93.0
35,28.049245283331565
62,62.0
77,77.0
163,163.0
45,45.0
26,26.0
35,23.212155444127493
62,61.69444444444444
29,23.92270989428796
46,46.0
157,157.0
16,22.475319765760556
50,50.0
38,38.0
43,43.0
21,25.249045591239355
38,38.0
197,197.0
72,72.0
26,26.0
52,52.0
470,490.53
29,33.4958880540721
84,84.0
60,60.0
47,47.0
19,24.16365071903429
37,37.0
45,45.0
60,60.0
106,106.0
46,46.0
72,72.0
55,55.0
63,63.0
49,49.0
31,31.0
69,69.0
29,28.199654761904757
23,15.625596355039209
58,58.0
66,66.0
500,461.1311666666668
47,47.0
58,58.0
13,14.860871531468703
79,79.0
5,23.30299655433136
41,41.0
52,52.0
37,25.342778502613875
61,61.0
109,109.0
23,20.471704727921534
53,53.0
25,24.98
31,31.0
31,31.0
51,51.0
117,126.4675
50,50.0
47,47.0
50,50.0
134,136.52666666666667
50,50.0
98,98.0
58,58.0
53,53.0
61,61.0
139,139.0
75,75.0
66,66.0
125,125.0
52,52.0
31,31.0
61,61.0
150,150.0
48,48.0
45,45.0
329,352.42
87,87.0
152,152.0
83,83.0
43,42.94
54,54.0
132,132.0
41,41.0
54,54.0
159,159.0
165,165.0
110,110.0
160,160.0
21,25.06962133120503
55,55.0
12,24.058202827176498
45,45.0
154,160.88333333333335
26,25.06962133120503
74,74.0
151,164.4497142857143
42,42.0
53,53.0
23,24.42313922188922
72,72.0
70,70.0
36,36.0
42,42.0
44,44.0
67,67.0
35,25.342778502613875
31,31.0
55,55.0
79,79.0
64,64.0
48,48.0
50,50.0
121,121.0
70,70.0
54,54.0
141,141.0
92,92.0
22,20.6015
61,61.0
27,27.0
57,57.0
55,55.0
68,68.0
56,56.0
167,167.0
47,47.0
18,14.555752488958586
49,49.0
74,74.0
148,148.0
67,60.113
41,41.0
13,11.186041666666664
28,28.0
156,156.0
101,101.0
165,165.0
53,53.0
52,52.0
15,21.46666031859847
77,77.0
29,29.0
19,17.76146042539239
158,158.0
33,33.0
33,25.052226668034322
27,42.598948773448775
21,22.836351413869703
35,35.0
49,48.7574358974359
114,114.0
120,153.32607142857142
63,63.0
478,496.48
4,23.92270989428796
116,116.0
46,46.0
104,104.0
65,65.0
53,53.0
41,31.91476228353398
78,78.0
20,25.052226668034322
15,14.949782565542435
122,103.18
23,24.16365071903429
6,21.40341523065847
23,17.00127317504215
9,14.555752488958586
21,25.342778502613875
36,36.0
41,41.0
64,64.0
31,22.527452571083437
60,60.0
176,176.0
76,76.0
31,25.249045591239355
93,90.075
54,54.0
57,57.0
51,51.0
47,47.0
28,21.16012328676381
36,36.0
167,167.0
95,95.0
52,52.0
65,65.0
25,17.79454704103802
18,18.0
16,23.974468835643187
83,83.0
171,171.0
105,105.0
43,43.0
12,11.111333333333333
54,54.0
40,40.0
29,25.95000859917885
70,70.0
178,178.0
59,59.0
47,47.0
37,37.0
57,57.0
28,21.16012328676381
73,73.0
41,41.0
46,46.0
10,17.76146042539239
88,88.0
39,39.0
64,64.0
188,188.0
30,25.861206452856987
21,19.096303502053505
30,19.217544048846104
356,338.71
37,37.0
49,49.0
55,55.0
34,29.564135219142337
32,32.01
146,146.0
39,39.0
21,15.205829725829728
23,24.058202827176498
52,52.0
80,80.0
55,55.0
117,117.0
197,197.0
99,99.0
46,46.0
51,51.0
50,50.0
69,69.0
21,18.103779664779662
59,59.0
65,65.0
33,32.60210317460317
46,46.0
50,50.0
120,120.0
27,23.754176542389814
28,28.0
63,63.0
21,26.459370574964385
19,25.052226668034322
177,160.45
157,157.0
32,32.0
9,22.527452571083437
53,50.7646988044635
88,88.0
70,70.0
45,45.0
99,99.0
134,134.0
89,89.0
22,28.815233808710477
57,57.0
171,168.1425
40,40.0
19,14.949782565542435
53,53.0
19,22.59007636141808
42,41.95
98,98.0
22,22.0
29,41.06166666666666
24,16.260376984126978
44,44.0
74,74.0
89,89.0
75,75.0
90,90.0
68,68.0
73,73.0
55,55.0
105,105.0
68,68.0
59,59.0
52,52.0
129,129.0
26,25.255107095407208
44,44.0
28,27.97
37,37.0
47,47.0
94,94.0
166,166.0
74,74.0
71,71.0
20,22.836351413869703
163,163.0
40,42.598948773448775
29,29.0
9,14.240389064041102
75,75.0
34,34.0
36,36.0
17,17.643078520804284
213,212.71
56,45.27275804750806
47,47.0
60,60.0
54,54.0
109,109.0
34,23.92270989428796
50,50.0
24,17.30924996693037
156,156.0
21,14.860871531468703
15,23.0450385099432
29,19.217544048846104
28,28.049245283331565
62,62.0
46,46.0
51,51.0
58,58.0
31,31.0
52,52.0
167,163.38
35,21.40341523065847
48,48.0
103,103.0
59,59.0
193,184.70814285714286
60,60.0
39,39.0
97,97.0
126,126.0
65,65.0
24,23.92270989428796
163,163.0
19,14.240389064041102
78,78.0
33,24.16365071903429
31,29.066134920634926
91,91.0
154,154.0
39,39.0
37,28.699591137608664
370,340.48
48,48.0
40,40.0
69,69.0
61,61.0
34,22.81038084448241
31,28.222920198775167
14,14.555752488958586
35,35.0
35,30.09240007215007
62,62.0
48,47.8074358974359
50,50.0
58,58.0
55,37.98
71,71.0
53,53.0
39,39.0
40,40.0
175,175.0
140,140.0
44,44.0
166,166.0
59,59.0
19,24.16365071903429
22,24.2865
72,72.0
164,164.0
54,54.0
55,55.0
77,77.0
72,72.0
27,27.0
43,43.0
46,46.0
62,61.4061111111111
27,23.30299655433136
58,58.0
59,59.0
56,56.0
74,74.0
32,32.0
33,33.0
20,17.00127317504215
18,14.860871531468703
70,70.0
33,33.0
43,43.0
69,69.0
53,53.0
31,31.0
174,174.0
69,69.0
61,61.0
100,100.0
42,42.0
45,45.0
76,76.0
18,16.10356765456766
49,49.0
13,25.16133609390266
62,62.0
93,93.0
59,59.0
212,211.91
29,23.212155444127493
39,39.0
58,58.0
23,17.961871406371408
73,73.0
500,473.33
24,24.0
30,21.40341523065847
40,40.0
138,138.0
159,159.0
48,48.0
54,54.0
52,52.0
36,36.0
34,33.81996415770609
60,60.0
47,47.0
30,25.342778502613875
34,34.0
37,37.0
49,49.0
51,51.0
151,151.0
91,91.0
45,33.76293759018758
32,32.0
52,52.0
59,59.0
32,26.326705796089183
52,52.0
76,76.0
41,41.0
61,61.0
37,37.0
51,51.0
23,26.125810026316994
31,31.0
73,73.0
56,56.0
56,56.0
51,51.0
105,105.0
48,48.0
71,71.0
90,90.0
31,31.0
38,38.0
62,62.0
35,35.0
65,65.0
46,46.0
156,156.0
139,124.51
54,54.0
61,61.0
37,37.0
32,23.974468835643187
151,151.0
58,58.0
54,54.0
16,15.117750000000003
57,58.14
165,165.0
87,87.0
30,30.0
86,86.0
87,87.0
23,23.0
18,17.96
57,57.0
36,36.0
26,26.459370574964385
22,23.754176542389814
62,62.0
129,128.74
72,72.0
87,87.0
23,23.68462806637805
54,54.0
66,66.0
43,42.7775
79,79.0
67,67.0
79,79.0
125,125.0
68,68.0
87,87.0
25,16.93067275621605
59,59.0
31,25.01539296814298
53,53.0
30,29.86076923076923
67,67.0
127,127.0
154,154.0
72,72.0
36,36.0
35,35.0
38,38.0
29,24.98535755429641
3,14.091722106302639
44,27.97022364185559
75,74.89
29,21.72154350102408
93,93.0
41,41.0
98,98.0
36,36.0
45,45.0
55,55.0
37,37.0
70,70.0
61,61.0
87,86.53
51,51.0
21,21.0
39,38.99
78,73.6045
33,36.2214908797736
164,164.0
24,28.049245283331565
46,30.468755998252938
76,76.0
26,25.052226668034322
51,50.98
70,70.0
25,35.69624837836009
47,47.0
41,29.564135219142337
56,56.0
45,45.0
19,19.217544048846104
70,70.0
13,20.612452137667987
39,39.0
21,15.625596355039209
54,54.0
61,61.0
59,59.0
37,37.0
58,58.0
193,193.0
51,51.0
20,20.0
45,45.0
11,30.468755998252938
51,51.0
35,22.039952349808765
40,28.222920198775167
36,36.0
32,32.0
26,21.16012328676381
32,32.0
32,32.0
36,36.0
95,95.0
70,70.0
37,25.95000859917885
97,97.0
41,41.0
64,64.0
56,56.0
65,65.0
176,176.0
50,50.0
41,41.0
56,55.78907900432901
11,24.079923422805933
90,90.0
43,42.83315789473684
57,57.0
59,59.0
76,76.0
148,148.0
67,67.0
37,25.052226668034322
58,58.0
59,59.0
44,44.0
59,59.0
60,60.0
14,13.99
61,61.0
58,58.0
69,69.0
147,134.4
117,117.0
57,57.0
42,42.0
50,50.0
54,54.0
150,150.0
56,50.347248473748486
48,48.0
35,35.0
166,166.0
28,22.836351413869703
21,21.0
57,57.0
60,60.0
45,44.99
30,30.0
31,23.988412197173517
112,112.0
70,70.0
50,50.0
71,71.0
39,39.0
202,201.88
50,49.99
58,58.0
23,23.0
26,28.222920198775167
98,82.89
56,56.0
25,16.305523084758377
57,57.0
39,39.0
45,45.0
32,21.40341523065847
29,25.861206452856987
73,73.0
43,43.0
62,62.0
57,57.0
39,39.0
101,101.0
113,133.40685714285715
35,35.0
34,42.598948773448775
20,23.754176542389814
14,17.76146042539239
165,165.0
55,55.0
212,211.79
34,34.0
51,51.0
21,28.815233808710477
61,61.0
28,25.35920225400775
14,13.98
163,163.0
500,448.93
44,44.0
22,21.96
136,136.0
47,47.0
36,36.0
24,20.471704727921534
28,36.947986876685405
37,37.0
112,112.0
44,44.0
26,33.44166666666666
23,23.0
67,67.0
58,58.0
28,17.30924996693037
53,53.0
69,69.0
95,95.0
17,28.222920198775167
16,19.096303502053505
163,163.0
42,42.0
52,52.0
154,154.0
74,74.0
56,56.0
135,135.0
67,67.0
116,116.0
176,176.0
28,25.01539296814298
76,76.0
20,23.92270989428796
54,54.0
123,120.30583333333333
32,32.0
151,151.0
85,85.0
52,52.0
90,90.0
20,25.692725759752665
30,30.0
34,22.5157275124793
165,155.7175
55,55.0
63,63.0
34,34.0
35,22.81038084448241
124,124.0
185,185.0
62,62.0
103,130.74
74,74.0
74,74.0
163,163.0
55,55.0
46,46.0
98,98.0
76,76.0
60,60.0
20,28.580030597842143
55,55.0
61,61.0
151,151.0
70,70.0
166,166.0
60,60.0
44,44.0
82,82.0
63,63.0
101,101.0
49,49.0
39,39.0
120,120.0
45,45.0
156,165.325
103,103.0
71,71.0
52,52.0
25,28.804952380952383
10,17.16699538212046
42,42.0
61,61.0
45,45.0
111,111.0
79,74.269
15,22.81038084448241
52,52.0
67,67.0
43,43.0
20,19.49320694909666
153,153.0
10,14.860871531468703
63,63.0
51,57.17439979464978
28,23.754176542389814
80,80.0
110,110.0
32,32.0
61,61.0
63,63.0
71,71.0
160,160.0
124,124.0
72,72.0
169,169.0
57,57.0
74,74.0
19,19.0
163,161.19
55,55.0
26,21.44792950921628
90,90.0
78,78.0
88,88.0
63,63.0
60,60.0
29,29.0
159,159.0
50,50.0
69,69.0
192,192.0
41,41.0
40,40.0
19,19.0
86,86.0
31,19.09066816266562
51,51.0
19,23.360166666666665
46,25.95000859917885
15,26.459370574964385
53,53.0
65,65.0
53,53.0
56,56.0
85,85.0
32,32.01
25,25.0
27,41.51326190476192
53,53.0
117,130.00416666666666
71,71.0
22,16.236757936507935
198,198.0
26,22.836351413869703
19,19.0
74,74.0
56,56.0
5,23.988412197173517
40,40.59167857142857
56,56.0
27,27.0
75,75.0
64,64.0
8,14.949782565542435
78,78.0
35,35.0
93,93.0
80,80.0
38,38.0
115,115.0
88,88.0
67,67.0
71,71.0
34,34.0
142,150.78
55,55.0
244,243.76
15,25.052226668034322
72,72.0
29,21.92415207808111
163,154.00121428571424
151,151.0
58,58.0
108,108.0
65,65.0
119,119.0
64,64.0
52,52.0
199,178.516
32,32.0
25,19.527784125157538
131,131.0
48,48.0
72,72.0
154,154.0
79,79.0
151,149.49
11,25.35703402750963
71,71.0
80,80.0
500,499.24523809523816
71,71.0
30,30.0
87,87.0
94,94.0
44,44.0
44,27.97022364185559
41,41.0
88,88.0
30,30.0
26,22.383365495615493
73,73.0
10,9.435
24,25.052226668034322
65,65.0
14,13.99
52,52.0
50,50.0
18,18.0
33,33.0
58,58.0
43,43.0
50,50.0
63,63.0
66,66.0
51,51.0
128,128.0
53,53.0
55,55.0
72,72.0
43,43.0
59,59.0
34,34.0
52,52.0
69,69.0
25,24.058202827176498
62,62.0
31,20.612452137667987
24,24.0
48,48.0
103,103.0
20,24.16365071903429
68,68.0
51,51.0
36,36.0
103,103.0
59,59.0
52,52.0
69,69.0
9,14.555752488958586
40,25.249045591239355
28,27.95
52,52.0
30,30.0
68,68.0
68,68.0
27,22.373264041514044
27,19.307623011528783
49,56.815575160133996
58,58.0
46,46.0
22,24.806396020646027
79,79.0
29,25.35703402750963
62,53.19333333333333
67,67.0
61,61.0
64,64.0
154,154.0
14,13.98
41,31.924830883082656
151,151.0
167,167.0
79,96.07
135,119.83
35,28.315110386543225
43,34.37896747696749
52,52.0
190,190.0
68,68.0
10,23.588992562992566
64,64.0
60,60.0
166,166.0
23,23.0
86,86.0
71,71.0
33,24.16365071903429
83,83.0
62,62.0
21,24.071200898301914
46,46.0
166,166.0
150,150.0
95,95.0
34,34.0
64,64.0
54,54.0
118,118.0
53,53.0
49,49.0
140,132.725
116,116.0
29,36.2693823953824
224,222.91
175,175.0
25,24.42313922188922
55,55.0
124,134.97
43,43.0
31,33.39602927627927
170,170.0
9,15.625596355039209
19,19.0
21,20.612452137667987
93,93.0
54,54.0
51,51.0
18,26.732125803420082
47,47.0
134,134.0
11,14.860871531468703
42,25.052226668034322
22,36.2214908797736
106,106.0
55,55.0
45,44.80850396825398
151,151.0
46,46.0
58,58.0
46,46.0
59,59.0
51,51.0
40,40.0
7,8.62
167,167.0
58,58.01
199,199.09
61,61.0
64,64.0
9,28.315110386543225
28,28.0
48,48.0
25,25.0
21,13.792905212697432
45,45.0
75,75.0
42,41.92
54,54.0
32,30.615660714285724
72,72.0
24,24.0
95,95.0
43,29.773659637357603
12,12.0
162,150.85833333333335
34,34.0
178,178.0
59,59.0
49,49.0
116,116.0
48,48.0
33,36.09809523809524
58,58.0
50,50.0
62,62.0
183,183.0
57,57.0
20,18.103779664779662
62,62.0
98,98.0
61,61.0
97,97.0
23,21.46666031859847
34,34.0
81,73.6045
151,151.0
66,66.0
32,32.0
30,30.0
23,22.81038084448241
40,40.0
73,73.0
66,66.0
62,62.0
153,153.0
30,30.0
64,64.0
163,163.0
31,23.92270989428796
59,59.0
91,117.06649999999999
156,156.0
63,63.0
49,44.28603592314119
22,23.68462806637805
70,70.0
56,56.0
10,16.655825640003272
19,25.53105099067599
55,55.0
26,22.465
53,53.0
69,69.0
30,30.0
168,169.45
13,16.93067275621605
23,23.872020820237108
59,59.0
57,57.0
60,60.0
32,32.0
14,26.326705796089183
48,48.0
77,77.0
18,23.92270989428796
70,70.0
31,22.527452571083437
50,50.0
42,42.0
65,65.0
108,108.0
50,50.0
14,23.974468835643187
48,48.0
44,44.0
50,50.0
35,35.0
39,35.41359808626263
53,53.0
407,385.21
52,50.7646988044635
46,46.0
29,29.0
152,152.0
33,32.98
47,47.0
69,69.0
124,142.51251190476194
70,70.0
150,150.0
70,95.0
73,73.0
28,22.75244805176905
255,255.95
45,45.0
23,25.35703402750963
87,87.0
150,150.0
51,51.0
48,48.0
70,70.0
34,28.540607571350215
28,22.05405567996768
57,57.0
12,23.754176542389814
46,46.0
170,170.0
155,154.9
81,81.0
62,62.0
70,70.0
20,20.471704727921534
53,53.0
75,75.0
64,64.0
65,65.0
81,81.0
56,56.0
61,61.0
50,50.0
52,52.0
162,162.0
36,40.337006527785945
26,24.42313922188922
35,35.0
53,53.0
20,20.0
24,24.0
18,18.0
95,95.0
44,27.97022364185559
154,154.0
41,41.0
52,52.0
22,25.06962133120503
169,169.0
83,83.0
29,29.564135219142337
75,75.0
118,118.0
57,57.0
199,199.01
58,58.0
68,68.0
111,111.0
124,124.0
25,25.342778502613875
143,143.0
29,21.40341523065847
31,30.93777777777778
66,66.0
54,54.0
54,54.0
18,24.16365071903429
10,10.16
34,25.861206452856987
47,47.0
60,60.0
36,22.81038084448241
11,6.688084415584415
82,82.0
43,43.0
51,51.0
10,9.57
46,46.0
170,170.0
81,81.0
119,119.0
11,12.767956820329353
41,41.0
26,21.16012328676381
167,167.0
51,51.0
58,58.0
67,44.80850396825398
52,52.0
22,35.69624837836009
21,22.18143333908443
34,23.872020820237108
54,54.0
194,194.0
93,93.0
39,39.0
156,156.0
44,44.0
44,44.0
54,54.0
65,65.0
25,19.928416666666667
48,48.0
16,16.0
62,62.0
71,71.0
11,8.179493506493506
16,22.527452571083437
68,68.0
62,62.0
81,81.0
56,56.0
17,13.792905212697432
187,187.0
94,94.0
37,22.039952349808765
79,79.0
60,60.0
6,6.104181818181817
18,19.217544048846104
55,55.0
67,67.0
46,46.0
62,62.0
32,32.0
72,72.0
67,67.0
14,24.058202827176498
38,25.342778502613875
177,177.0
20,17.30924996693037
63,63.0
69,69.0
102,102.0
64,64.0
59,59.0
32,25.37008458646617
155,155.0
39,39.0
42,31.924830883082656
77,77.0
73,73.0
68,68.0
106,106.0
42,37.25271593864512
95,95.0
60,60.0
181,181.0
240,239.63
30,30.468755998252938
79,79.0
79,79.0
49,49.0
109,95.67
55,55.0
67,67.0
79,92.5185
42,41.87
52,52.0
307,291.86
56,56.0
78,78.0
44,44.0
100,85.79833333333335
51,51.0
70,70.0
65,65.0
80,80.0
262,255.56
50,40.59167857142857
29,28.914
35,35.0
112,112.0
54,54.0
110,110.0
78,78.0
57,57.0
32,23.92270989428796
42,45.03910064935065
59,58.97
79,79.0
33,33.0
113,113.0
95,95.0
116,116.0
89,89.0
52,52.0
40,40.0
53,53.0
144,107.19333333333333
36,36.0
15,23.872020820237108
21,25.052226668034322
173,173.0
61,61.0
20,35.69624837836009
29,23.988412197173517
29,17.30924996693037
24,22.144102611698585
52,52.0
201,200.64
46,46.0
55,55.0
65,65.0
59,59.0
16,22.144102611698585
83,134.54247619047618
51,51.0
34,34.0
54,54.0
68,68.0
128,128.0
66,66.0
34,34.81273809523809
63,63.0
61,61.0
17,23.872020820237108
44,44.0
20,22.75244805176905
50,50.0
150,150.0
43,34.85102380952381
185,185.0
98,98.0
38,38.0
84,84.0
96,96.0
9,24.16365071903429
21,25.255107095407208
280,274.32
56,50.27562626262627
60,60.0
58,58.0
64,64.0
36,36.0
87,87.0
51,51.0
156,156.0
33,33.0
81,81.0
100,96.03
75,75.0
23,22.383365495615493
84,84.0
52,52.0
54,54.0
188,188.0
109,109.0
38,26.326705796089183
21,19.307623011528783
28,22.619156168821924
75,75.0
64,64.0
34,34.0
161,161.0
31,31.0
107,107.0
157,157.0
70,70.0
29,14.240389064041102
157,157.0
50,50.0
113,113.0
69,69.0
125,125.0
224,223.86
27,24.079923422805933
162,162.0
73,73.0
38,37.97
27,16.93067275621605
122,122.0
35,35.0
52,52.0
110,119.60833333333332
42,42.0
30,20.67400000000001
59,59.0
74,74.0
54,54.0
72,72.0
57,57.0
32,29.123653583152233
42,42.0
37,37.0
56,56.0
21,21.44792950921628
177,177.0
22,21.16012328676381
23,21.105293038832507
78,78.0
21,21.0
34,33.41923015873016
50,50.0
31,31.0
88,88.0
207,206.96
84,84.0
22,22.0
196,196.0
65,65.0
37,37.0
62,62.0
112,112.0
78,78.0
158,158.0
40,40.0
12,25.35920225400775
19,22.81038084448241
89,89.35183333333335
36,24.079923422805933
41,41.0
55,55.0
54,54.0
68,68.0
74,74.0
64,64.0
41,41.0
62,62.0
59,57.54135522810523
34,34.0
150,150.0
105,105.0
118,118.0
9,23.92270989428796
150,150.0
52,52.0
15,25.16133609390266
56,56.0
72,72.0
202,201.93
30,29.503228937728935
157,157.0
37,25.35703402750963
58,58.0
16,14.949782565542435
123,123.0
186,186.0
69,69.0
53,53.0
62,62.0
179,179.0
50,50.0
150,150.0
45,45.0
82,82.0
77,77.0
166,166.0
40,40.0
41,41.0
58,58.0
56,56.0
51,51.0
14,24.16365071903429
59,59.0
63,63.0
34,34.0
39,39.0
61,61.0
84,84.0
2,14.240389064041102
93,93.0
75,75.0
53,53.0
52,52.0
46,46.0
60,60.0
67,67.0
23,23.0
63,63.0
20,13.792905212697432
33,33.0
56,56.0
46,46.0
61,61.0
82,82.0
55,55.0
76,76.0
46,46.0
54,54.0
45,45.0
42,42.0
34,34.0
61,61.0
155,155.0
71,71.0
54,54.0
103,103.0
61,61.0
22,20.810411616161613
26,19.49320694909666
8,18.103779664779662
70,70.0
82,82.0
43,29.773659637357603
15,15.0
32,22.527452571083437
67,67.0
46,46.0
37,37.0
52,52.0
96,96.0
35,34.758359288097886
57,57.0
49,58.94822619047619
19,16.655825640003272
16,29.564135219142337
39,39.0
62,62.0
14,26.5082453102453
34,23.92270989428796
162,162.0
61,61.0
85,85.0
93,93.0
79,79.0
39,39.0
97,97.0
13,6.684366452991453
22,29.564135219142337
14,16.655825640003272
38,47.560166666666674
51,51.0
50,50.0
42,42.0
49,49.0
66,66.0
157,157.0
35,64.96
12,17.30924996693037
157,154.43333333333334
51,51.0
34,22.40181114061376
15,15.0
66,66.0
78,78.0
44,44.0
28,28.0
84,84.0
42,41.70166666666666
15,17.00127317504215
25,29.564135219142337
58,58.0
62,62.0
34,34.0
78,78.0
36,36.0
66,66.0
35,35.0
54,54.0
20,14.555752488958586
14,23.81332321203198
62,62.0
22,20.35094444444444
32,32.0
43,55.78907900432901
58,58.0
442,461.28
73,73.0
23,19.217544048846104
38,38.0
277,275.47
135,135.0
29,24.42313922188922
48,48.0
65,65.0
34,34.0
54,54.0
69,69.0
30,24.071200898301914
52,52.0
21,24.16365071903429
53,53.0
31,31.0
68,68.0
75,75.0
73,73.0
476,419.3903333333333
27,25.53150072150072
35,35.0
152,152.0
75,75.0
45,45.0
43,36.26
63,63.0
166,166.0
48,48.0
137,137.0
20,23.872020820237108
63,63.0
20,20.612452137667987
113,113.0
17,24.937484323657635
44,44.0
35,35.0
82,82.0
50,50.0
4,21.40341523065847
16,28.815233808710477
84,84.0
27,27.1807467514544
16,30.468755998252938
56,56.0
76,76.0
112,99.8065
42,42.0
21,21.0
33,23.92270989428796
190,190.0
133,133.0
364,408.7033333333334
38,38.0
15,12.767956820329353
28,17.19708599400031
16,37.54604761904762
62,62.0
40,40.0
103,103.0
64,64.0
51,51.0
51,51.0
30,29.760769230769228
43,43.0
34,22.039952349808765
17,13.53
151,151.0
160,160.0
61,60.9
84,84.0
155,155.0
140,121.75066666666663
34,29.564135219142337
14,28.738672272968287
61,46.19491666666666
61,61.0
15,25.052226668034322
42,42.0
56,56.0
156,136.51
52,52.0
23,22.039952349808765
161,161.0
44,43.99
52,52.0
62,62.0
31,31.0
65,65.0
36,36.0
23,25.35920225400775
81,81.0
38,38.0
28,25.35920225400775
8,19.307623011528783
33,35.69624837836009
15,14.97
24,24.0
30,30.0
57,57.0
66,66.0
34,39.08166666666666
10,24.16365071903429
63,63.0
25,25.0
184,184.0
18,26.326705796089183
53,53.0
41,41.0
64,64.0
153,153.0
49,49.0
161,161.0
270,270.19
50,50.0
96,96.0
194,194.0
52,52.0
22,22.836351413869703
39,25.255107095407208
77,77.0
60,60.0
49,49.0
16,15.9675
55,55.0
43,43.0
53,53.0
64,64.0
24,18.103779664779662
77,77.0
75,75.0
165,165.0
54,54.0
55,55.0
33,33.0
74,74.0
47,29.773659637357603
51,51.0
57,57.0
73,73.0
34,33.81996415770609
171,171.0
101,101.0
22,17.76146042539239
188,160.38
87,87.0
33,33.0
88,88.0
18,17.92833333333333
42,42.0
130,130.0
38,38.0
27,29.564135219142337
24,24.0
30,30.0
59,59.0
68,68.0
33,33.0
57,57.0
72,72.0
39,39.0
33,33.0
28,28.0
23,23.0
82,82.0
47,47.0
29,21.40341523065847
37,37.0
41,41.0
54,54.0
80,80.0
48,48.0
47,47.0
320,346.03
44,44.0
187,187.0
62,62.0
163,163.0
7,30.468755998252938
67,67.0
84,84.0
57,57.0
69,69.0
65,65.0
74,74.0
25,25.0
64,64.0
32,19.09066816266562
10,21.40341523065847
21,22.527452571083437
50,50.0
19,22.836351413869703
47,47.0
35,35.0
56,56.0
77,77.0
87,87.0
62,62.0
72,72.0
69,69.0
51,51.0
41,41.0
184,184.0
59,59.0
58,58.0
71,71.0
24,20.168193722943723
155,155.0
67,67.0
15,22.527452571083437
151,151.0
32,25.692725759752665
21,15.113931457431455
16,16.655825640003272
37,37.0
500,482.1615
67,67.0
51,51.0
20,17.76146042539239
153,153.0
112,112.0
151,151.0
54,54.0
184,184.0
54,54.0
29,29.0
73,73.0
55,55.0
48,48.0
62,62.0
72,72.0
83,83.0
36,24.058202827176498
64,64.0
45,45.0
50,50.0
14,28.804952380952383
17,14.555752488958586
45,45.0
34,34.0
56,56.0
171,171.0
57,57.0
22,24.57436854517509
32,32.0
123,123.0
52,52.0
73,73.0
82,82.0
33,33.0
79,79.0
14,21.105293038832507
59,59.0
39,39.0
78,78.0
11,7.757189033189032
24,24.0
113,113.0
84,84.0
68,68.0
69,69.0
15,22.609595820845815
13,22.81038084448241
132,132.0
74,74.0
62,62.0
63,63.0
58,58.0
110,110.0
150,134.4
39,39.0
80,80.0
78,78.0
18,12.767956820329353
38,37.273900299700294
193,193.0
64,64.0
139,139.0
8,12.767956820329353
481,466.38
56,56.0
40,40.0
36,35.69624837836009
55,55.0
7,16.655825640003272
72,71.89
104,104.0
20,20.0
127,93.82
12,26.459370574964385
28,28.0
23,15.900578454961167
13,26.459370574964385
152,152.0
132,132.0
34,30.781928127428117
11,24.16365071903429
20,25.255107095407208
132,132.0
111,111.0
84,84.0
28,21.16012328676381
160,160.0
153,153.0
54,54.0
24,21.40341523065847
30,30.468755998252938
64,64.0
102,102.0
52,52.0
15,62.05433333333333
16,17.16699538212046
45,45.0
87,87.0
153,153.0
63,63.0
47,45.37497142857143
41,41.0
24,25.35703402750963
77,77.0
17,17.961871406371408
65,65.0
24,23.570121445547915
79,79.0
55,55.0
341,338.21
186,186.0
46,46.0
18,22.465
46,68.46833333333333
11,22.527452571083437
27,25.861206452856987
71,71.0
55,55.0
52,52.0
25,24.16365071903429
43,41.818956306536954
110,110.0
50,50.0
58,58.0
29,23.872020820237108
113,113.0
21,21.0
61,64.96
37,37.0
44,43.99
74,74.0
67,67.0
46,46.0
64,64.0
36,23.212155444127493
34,34.0
22,21.40341523065847
38,38.0
42,42.0
11,12.196725883039933
75,73.975
46,46.0
38,38.0
61,61.0
42,42.0
17,12.881000000000002
59,59.0
40,29.462156077969162
78,78.0
74,74.0
68,68.0
66,66.0
71,68.605
51,51.0
415,382.85
39,39.0
71,71.0
81,81.0
105,105.0
8,19.217544048846104
58,58.0
152,149.95
137,137.0
62,62.0
181,181.0
66,66.0
15,36.73672580124555
22,22.0
174,160.45
150,150.0
151,159.9333333333333
111,111.0
87,87.0
170,168.38666666666668
72,72.0
64,64.0
25,18.103779664779662
56,56.0
8,17.643078520804284
115,115.0
52,52.0
30,30.0
31,31.0
43,43.0
36,25.37008458646617
8,13.792905212697432
52,52.0
28,27.506630952380956
74,74.0
34,33.04802389121146
87,87.0
17,16.99
44,44.0
47,47.0
123,123.0
102,102.0
71,71.0
99,99.0
18,17.30924996693037
42,42.0
31,31.0
95,95.0
19,19.0
66,66.0
28,18.093488933447485
27,26.7356645021645
8,14.091722106302639
99,99.0
46,46.0
27,23.30299655433136
32,25.342778502613875
101,101.0
26,24.079923422805933
113,103.9275
54,54.0
161,156.4
60,60.0
62,62.0
205,204.92
53,53.0
70,66.93577380952381
21,44.80850396825398
56,56.0
70,70.0
20,20.0
50,50.0
151,151.0
162,162.0
121,121.0
58,58.0
52,52.0
35,34.85102380952381
27,23.974468835643187
21,23.872020820237108
59,59.0
56,56.0
37,33.063518468422
83,83.0
82,82.0
52,52.0
148,148.0
10,24.16365071903429
34,34.0
115,115.0
46,46.0
25,25.0
63,63.0
61,61.0
74,71.47
157,157.0
54,54.0
39,39.0
151,151.0
10,17.30924996693037
52,52.0
17,29.123653583152233
64,64.0
26,25.692725759752665
26,24.826949855699855
58,58.0
66,66.0
53,53.0
53,53.0
40,34.67863116123643
63,63.0
43,43.0
57,57.0
248,248.54
108,108.0
50,50.0
39,39.0
14,22.039952349808765
16,22.039952349808765
48,48.0
71,71.0
31,25.249045591239355
154,154.0
20,20.817619047619047
17,14.555752488958586
9,14.555752488958586
62,62.0
47,47.0
38,38.0
171,169.45857142857145
51,51.0
92,92.0
27,27.0
141,141.0
77,77.0
52,52.0
33,32.093333333333334
23,19.527784125157538
29,29.0
21,21.40341523065847
70,70.0
58,58.0
19,19.09066816266562
123,123.0
45,45.0
54,54.0
18,26.459370574964385
64,64.0
51,51.0
53,53.0
83,83.0
50,50.0
296,294.98
53,53.0
23,21.76687933470909
151,151.0
71,71.0
9,14.240389064041102
40,36.42622749000839
34,33.98
19,22.59007636141808
224,223.89
167,167.0
180,180.0
24,23.96
56,56.0
42,45.03910064935065
58,58.0
20,20.0
92,92.0
34,29.462156077969162
59,59.0
53,53.0
50,50.0
14,13.98
25,22.619156168821924
62,62.0
70,70.0
81,81.0
151,151.0
154,154.0
45,29.773659637357603
18,14.949782565542435
74,74.0
42,42.0
282,291.24
75,75.0
72,72.0
55,55.0
21,24.16365071903429
170,167.75178571428572
118,118.0
16,17.76146042539239
53,53.0
90,90.0
162,162.0
169,164.52333333333337
155,155.0
154,154.10833333333332
118,118.0
31,23.988412197173517
56,56.0
165,165.0
63,63.0
56,56.0
35,35.0
29,27.073566526610637
52,52.0
37,37.0
36,36.0
168,168.0
60,60.0
24,19.217544048846104
36,36.0
120,120.0
11,17.76146042539239
48,48.0
20,24.079923422805933
67,67.0
29,23.872020820237108
191,190.99
47,47.0
13,23.0450385099432
7,25.249045591239355
61,61.0
26,25.342778502613875
22,25.052226668034322
24,19.09066816266562
55,55.0
51,51.0
47,47.0
59,59.0
23,17.136664232736518
74,74.0
71,71.0
43,43.0
69,69.0
57,57.0
142,142.0
68,68.0
46,46.0
52,52.0
97,97.0
52,52.0
98,98.0
52,52.0
43,43.0
63,63.0
73,73.0
106,106.0
72,72.0
52,52.0
59,59.0
151,151.0
52,52.0
122,122.0
18,17.76146042539239
130,130.0
56,56.0
24,24.058202827176498
9,16.93067275621605
86,86.0
46,46.0
45,45.0
49,49.0
14,10.496929492677943
31,22.144102611698585
63,63.0
28,26.561833333333333
88,88.0
24,24.0
53,53.0
67,67.0
51,51.0
54,54.0
45,45.0
168,168.0
67,67.0
29,24.16365071903429
208,216.03
39,39.0
70,70.0
74,69.98
30,23.872020820237108
27,29.758958743147513
68,68.0
35,35.0
20,19.217544048846104
95,95.0
50,50.0
78,78.0
107,107.0
46,46.0
151,151.0
8,14.240389064041102
26,21.76687933470909
55,55.0
44,44.0
58,58.0
38,38.0
6,22.81038084448241
33,33.0
20,20.0
56,56.0
66,66.0
29,17.30924996693037
51,51.0
166,165.98
89,89.0
46,46.0
38,38.0
71,71.0
54,54.0
161,161.0
57,57.0
30,30.0
